{"cameraMode":{"drawMode":0,"name":"Shaded","section":"Shading Mode"},"sceneLighting":true,"audioPlay":false,"sceneViewState":{"showFog":true,"showMaterialUpdate":false,"showSkybox":true,"showFlares":true,"showImageEffects":true,"showParticleSystems":true},"in2DMode":false,"pivot":{"x":24.27216148376465,"y":3.4246985912323,"z":29.263633728027345},"rotation":{"x":-0.013791794888675213,"y":-0.4300616979598999,"z":0.006641303189098835,"w":-0.9027157425880432},"size":22.0,"orthographic":false}