{"cameraMode":{"drawMode":0,"name":"Shaded","section":"Shading Mode"},"sceneLighting":false,"audioPlay":false,"sceneViewState":{"showFog":true,"showMaterialUpdate":false,"showSkybox":false,"showFlares":true,"showImageEffects":true,"showParticleSystems":true},"in2DMode":false,"pivot":{"x":24.89775848388672,"y":8.220970153808594,"z":17.066564559936525},"rotation":{"x":0.04160850867629051,"y":0.641356348991394,"z":-0.03486310690641403,"w":0.7653261423110962},"size":6.529177188873291,"orthographic":false}