{"cameraMode":{"drawMode":0,"name":"Shaded","section":"Shading Mode"},"sceneLighting":true,"audioPlay":false,"sceneViewState":{"showFog":true,"showMaterialUpdate":false,"showSkybox":true,"showFlares":true,"showImageEffects":true,"showParticleSystems":true},"in2DMode":false,"pivot":{"x":-12.439237594604493,"y":-125.55499267578125,"z":159.40493774414063},"rotation":{"x":-0.36724716424942019,"y":0.05770370364189148,"z":-0.022834371775388719,"w":-0.9280524253845215},"size":220.54190063476563,"orthographic":false}