{"cameraMode":{"drawMode":0,"name":"Shaded","section":"Shading Mode"},"sceneLighting":false,"audioPlay":false,"sceneViewState":{"showFog":true,"showMaterialUpdate":false,"showSkybox":false,"showFlares":true,"showImageEffects":true,"showParticleSystems":true},"in2DMode":false,"pivot":{"x":-0.3664073348045349,"y":1.0992356538772584,"z":0.0},"rotation":{"x":0.3802122175693512,"y":-0.08583290129899979,"z":0.03546376898884773,"w":0.9202278852462769},"size":7.908902645111084,"orthographic":false}