{"cameraMode":{"drawMode":0,"name":"Shaded","section":"Shading Mode"},"sceneLighting":false,"audioPlay":false,"sceneViewState":{"showFog":true,"showMaterialUpdate":false,"showSkybox":false,"showFlares":true,"showImageEffects":true,"showParticleSystems":true},"in2DMode":false,"pivot":{"x":24.940000534057618,"y":8.975217819213868,"z":21.5307559967041},"rotation":{"x":0.09970339387655258,"y":-0.13539034128189088,"z":0.013700204901397229,"w":0.9856758117675781},"size":11.68181037902832,"orthographic":false}