{"cameraMode":{"drawMode":0,"name":"Shaded","section":"Shading Mode"},"sceneLighting":true,"audioPlay":false,"sceneViewState":{"showFog":true,"showMaterialUpdate":false,"showSkybox":true,"showFlares":true,"showImageEffects":true,"showParticleSystems":true},"in2DMode":false,"pivot":{"x":319.5090637207031,"y":605.7632446289063,"z":-138.78208923339845},"rotation":{"x":-0.015303796157240868,"y":0.029089324176311494,"z":-0.0004357730213087052,"w":-0.9994801878929138},"size":524.8198852539063,"orthographic":false}