{"cameraMode":{"drawMode":0,"name":"Shaded","section":"Shading Mode"},"sceneLighting":false,"audioPlay":false,"sceneViewState":{"showFog":true,"showMaterialUpdate":false,"showSkybox":false,"showFlares":true,"showImageEffects":true,"showParticleSystems":true},"in2DMode":false,"pivot":{"x":55.36602783203125,"y":23.55414390563965,"z":51.00160217285156},"rotation":{"x":-0.028518106788396837,"y":-0.338599294424057,"z":0.010256084613502026,"w":-0.9404563307762146},"size":26.884737014770509,"orthographic":false}