{"cameraMode":{"drawMode":0,"name":"Shaded","section":"Shading Mode"},"sceneLighting":true,"audioPlay":false,"sceneViewState":{"showFog":true,"showMaterialUpdate":false,"showSkybox":true,"showFlares":true,"showImageEffects":true,"showParticleSystems":true},"in2DMode":false,"pivot":{"x":-0.9200000762939453,"y":0.0,"z":-2.559999942779541},"rotation":{"x":-0.05278564989566803,"y":0.00658762501552701,"z":-0.0003391407080926001,"w":-0.9986030459403992},"size":4.041658401489258,"orthographic":false}