{"cameraMode":{"drawMode":0,"name":"Shaded","section":"Shading Mode"},"sceneLighting":true,"audioPlay":false,"sceneViewState":{"showFog":true,"showMaterialUpdate":false,"showSkybox":true,"showFlares":true,"showImageEffects":true,"showParticleSystems":true},"in2DMode":false,"pivot":{"x":46.5,"y":21.40216064453125,"z":21.26569366455078},"rotation":{"x":0.04160850867629051,"y":0.641356348991394,"z":-0.03486310690641403,"w":0.7653261423110962},"size":22.199861526489259,"orthographic":false}