{"cameraMode":{"drawMode":0,"name":"Shaded","section":"Shading Mode"},"sceneLighting":true,"audioPlay":false,"sceneViewState":{"showFog":true,"showMaterialUpdate":false,"showSkybox":true,"showFlares":true,"showImageEffects":true,"showParticleSystems":true},"in2DMode":false,"pivot":{"x":42.241024017333987,"y":11.921021461486817,"z":55.490482330322269},"rotation":{"x":0.26989251375198367,"y":-0.01444439310580492,"z":0.004059332422912121,"w":0.9627839922904968},"size":47.67294692993164,"orthographic":false}