{"cameraMode":{"drawMode":0,"name":"Shaded","section":"Shading Mode"},"sceneLighting":false,"audioPlay":false,"sceneViewState":{"showFog":true,"showMaterialUpdate":false,"showSkybox":false,"showFlares":true,"showImageEffects":true,"showParticleSystems":true},"in2DMode":false,"pivot":{"x":24.903820037841798,"y":8.2490816116333,"z":17.112112045288087},"rotation":{"x":0.18836888670921327,"y":-0.23604565858840943,"z":0.04670444875955582,"w":0.9521739482879639},"size":6.62798547744751,"orthographic":false}