{"cameraMode":{"drawMode":0,"name":"Shaded","section":"Shading Mode"},"sceneLighting":true,"audioPlay":false,"sceneViewState":{"showFog":true,"showMaterialUpdate":false,"showSkybox":true,"showFlares":true,"showImageEffects":true,"showParticleSystems":true},"in2DMode":false,"pivot":{"x":24.941635131835939,"y":17.48419189453125,"z":11.205694198608399},"rotation":{"x":-0.26814037561416628,"y":-0.04853084683418274,"z":0.013538829050958157,"w":-0.9620866775512695},"size":21.688575744628908,"orthographic":false}