{"cameraMode":{"drawMode":0,"name":"Shaded","section":"Shading Mode"},"sceneLighting":true,"audioPlay":false,"sceneViewState":{"showFog":true,"showMaterialUpdate":false,"showSkybox":true,"showFlares":true,"showImageEffects":true,"showParticleSystems":true},"in2DMode":false,"pivot":{"x":8.566539764404297,"y":8.580463409423829,"z":15.585700988769532},"rotation":{"x":-0.6289321780204773,"y":-0.2129761427640915,"z":0.18488183617591859,"w":-0.7245073914527893},"size":15.785576820373536,"orthographic":false}