{"cameraMode":{"drawMode":0,"name":"Shaded","section":"Shading Mode"},"sceneLighting":false,"audioPlay":false,"sceneViewState":{"showFog":true,"showMaterialUpdate":false,"showSkybox":false,"showFlares":true,"showImageEffects":true,"showParticleSystems":true},"in2DMode":false,"pivot":{"x":46.5,"y":22.662721633911134,"z":37.92128372192383},"rotation":{"x":0.18836888670921327,"y":-0.23604565858840943,"z":0.04670444875955582,"w":0.9521739482879639},"size":26.884737014770509,"orthographic":false}